<?xml version="1.0" encoding="UTF-8"?>
<config>
	<server>
		<ip>192.168.17.129</ip>
		<port>2404</port>
		<webapi>9505</webapi>
	</server>
	<client_webapi>
		<item ip="192.168.17.129" port="9505" />
	</client_webapi>
	<client>
		<ip1>172.18.44.221</ip1>
		<name>主站</name>
		<t0>10</t0>
		<t1>12</t1>
		<t2>5</t2>
		<t3>16</t3>
		<t4>8</t4>
		<k>12</k>
		<w>8</w>
	</client>
	<client>
		<ip>172.18.44.237</ip>
		<name>开发机</name>
		<t0>10</t0>
		<t1>12</t1>
		<t2>5</t2>
		<t3>16</t3>
		<t4>8</t4>
		<k>12</k>
		<w>8</w>
	</client>
	<client>
		<ip>172.18.44.58</ip>
		<name>主站</name>
		<t0>10</t0>
		<t1>12</t1>
		<t2>5</t2>
		<t3>16</t3>
		<t4>8</t4>
		<k>12</k>
		<w>8</w>
	</client>
	<client>
		<ip>172.18.44.63</ip>
		<name>主站</name>
		<t0>10</t0>
		<t1>12</t1>
		<t2>5</t2>
		<t3>16</t3>
		<t4>8</t4>
		<k>12</k>
		<w>8</w>
	</client>
	<client>
		<ip>172.18.44.166</ip>
		<name>本地主站</name>
		<t0>10</t0>
		<t1>12</t1>
		<t2>5</t2>
		<t3>16</t3>
		<t4>8</t4>
		<k>12</k>
		<w>8</w>
	</client>
	<client>
		<ip>172.18.44.216</ip>
		<name>张胜主站</name>
		<t0>10</t0>
		<t1>12</t1>
		<t2>5</t2>
		<t3>16</t3>
		<t4>8</t4>
		<k>12</k>
		<w>8</w>
	</client>
	<client>
		<ip>192.168.17.1</ip>
		<name>dai主站</name>
		<t0>10</t0>
		<t1>12</t1>
		<t2>5</t2>
		<t3>16</t3>
		<t4>8</t4>
		<k>12</k>
		<w>8</w>
	</client>
</config>
